INSERT INTO `cde_menuitem` (`F_ID`, `F_DESC`, `F_ICON`, `F_NAME`, `F_OPENED`, `F_OPTION`, `F_PATH`, `F_RANK`, `F_PARENT_ID`)
VALUES
	('1001', NULL, 'icon-double-angle-right', '信息系统账号权限申请信息', NULL, NULL, '#feature/experiment/scaffold:interformation', 1, '10'),
	('1002', NULL, 'icon-double-angle-right', '系统数据变更申请', NULL, NULL, '#feature/experiment/scaffold:sysdatachange', 2, '10'),
	('1003', NULL, 'icon-double-angle-right', '信息安全培训记录', NULL, NULL, '#feature/experiment/scaffold:informationsecurity', 3, '10'),
	('1004', NULL, 'icon-double-angle-right', '信息系统上线申请', NULL, NULL, '#feature/experiment/scaffold:informationsystem', 4, '10'),
	('1005', NULL, 'icon-double-angle-right', '资产清册', NULL, NULL, '#feature/experiment/scaffold:propertycleanbook', 5, '10'),
	('1006', NULL, 'icon-double-angle-right', '测试用例', NULL, NULL, '#feature/experiment/scaffold:testcase', 6, '10'),
	('1007', NULL, 'icon-double-angle-right', '会议记录', NULL, NULL, '#feature/experiment/scaffold:mettingrecord', 7, '10'),
	('1008', NULL, 'icon-double-angle-right', '研发需求申请单', NULL, NULL, '#feature/experiment/scaffold:researchdemand', 8, '10'),
	('1009', NULL, 'icon-double-angle-right', '系统远程访问申请单', NULL, NULL, '#feature/experiment/scaffold:systemremotevisit', 9, '10'),
	('1010', NULL, 'icon-double-angle-right', '系统数据转换确认表', NULL, NULL, '#feature/experiment/scaffold:systemdatatransformation', 10, '10'),
	('1011', NULL, 'icon-double-angle-right', '系统主机维护记录', NULL, NULL, '#feature/experiment/scaffold:syshostmaintain', 11, '10'),
	('1012', NULL, 'icon-double-angle-right', '系统主机更新记录', NULL, NULL, '#feature/experiment/scaffold:syshostreplace', 12, '10'),
	('1013', NULL, 'icon-double-angle-right', '请购单', NULL, NULL, '#feature/experiment/scaffold:pleaseenoughdata', 13, '10'),
	('1024', NULL, 'icon-double-angle-right', '采购单', NULL, NULL, '#feature/experiment/scaffold:purchase_clean', 14, '10');

INSERT INTO `cde_permission` (`F_ID`, `F_DESC`, `F_NAME`, `F_SCAFFOLD`, `F_VALUE`)
VALUES
	('8a8182f251a4bbd70151a4c038c90000', '测试用例', '查看:测试用例', NULL, 'experiment/testcase:show'),
	('8a8182f251a4bbd70151a4c1094b0001', '测试用例', '编辑测试用例', NULL, 'experiment/testcase:edit'),
	('8a8182f251a4bbd70151a4c190770002', '测试用例', '添加:测试用例', NULL, 'experiment/testcase:add'),
	('8a8182f251a4bbd70151a4c222630003', '测试用例', '删除:测试用例', NULL, 'experiment/testcase:del'),
	('8a8182f251a4bbd70151a4c3c5620004', '测试用例', '导出测试用例', NULL, 'experiment/testcase:exportExcel'),
	('8a8182f251a8a7e30151a8aae71d0000', '会议记录', '查看:会议记录', NULL, 'experiment/mettingrecord:show'),
	('8a8182f251a8a7e30151a8ab5b1e0001', '会议记录', '添加:会议记录', NULL, 'experiment/mettingrecord:add'),
	('8a8182f251a8a7e30151a8abb7af0002', '会议记录', '编辑:会议记录', NULL, 'experiment/mettingrecord:edit'),
	('8a8182f251a8a7e30151a8ac10690003', '会议记录', '删除:会议记录', NULL, 'experiment/mettingrecord:del'),
	('8a8182f251a8a7e30151a8acb3610004', '会议记录', '导入:会议记录', NULL, 'experiment/mettingrecord:exportExcel'),
	('8a8182f251a9bc9b0151a9c2128f0000', '研发需求申请单', '查看:研发需求申请单', NULL, 'experiment/researchdemand:show'),
	('8a8182f251a9bc9b0151a9c2951a0001', '研发需求申请单', '添加:研发需求申请单', NULL, 'experiment/researchdemand:add'),
	('8a8182f251a9bc9b0151a9c336640002', '研发需求申请单', '更新:研发需求申请单', NULL, 'experiment/researchdemand:edit'),
	('8a8182f251a9bc9b0151a9c3d1de0003', '研发需求申请单', '删除:研发需求申请单', NULL, 'experiment/researchdemand:del'),
	('8a8182f251a9bc9b0151a9c5088a0004', '研发需求申请单', '导出:研发需求申请单', NULL, 'experiment/researchdemand:exportExcel'),
	('8a8182f251aa6d960151aa71a6c00000', '系统远程访问申请表', '查看:系统远程访问申请表', NULL, 'experiment/systemremotevisit:show'),
	('8a8182f251aa6d960151aa7288830001', '系统远程访问申请', '添加:系统远程访问申请', NULL, 'experiment/systemremotevisit:add'),
	('8a8182f251aa6d960151aa7376fc0002', '系统远程访问申请单', '编辑:系统远程访问申请单', NULL, 'experiment/systemremotevisit:edit'),
	('8a8182f251aa6d960151aa7444440003', '系统远程访问申请单', '删除:系统远程访问申请单', NULL, 'experiment/systemremotevisit:del'),
	('8a8182f251aa6d960151aa75661b0004', '系统远程访问申请单', '导出:系统远程访问申请单', NULL, 'experiment/systemremotevisit:exportExcel'),
	('8a8182f251ae0f650151ae12fcbd0000', '信息系统数据确认转换', '查看信息系统数据确认转换', NULL, 'experiment/systemdatatransformation:show'),
	('8a8182f251ae0f650151ae1433980001', '系统数据转换确认', '添加:系统数据转换确认', NULL, 'experiment/systemdatatransformation:add'),
	('8a8182f251ae0f650151ae1572190002', '系统数据转换确认', '编辑:系统数据转换确认', NULL, 'experiment/systemdatatransformation:edit'),
	('8a8182f251ae0f650151ae165d750003', '系统数据转换确认', '删除:系统数据转换确认', NULL, 'experiment/systemdatatransformation:del'),
	('8a8182f251ae0f650151ae17d8bc0004', '系统数据转换que确认r', '导出系统数据转换确认', NULL, 'experiment/systemdatatransformation:exportExcel'),
	('8a8182f251aec9150151aecef4420000', '系统主机维护记录', '导出:系统主机维护记录', NULL, 'experiment/syshostmaintain:exportExcel'),
	('8a8182f251aec9150151aed00dd30001', '系统主机维护记录', '查看:系统主机维护记录', NULL, 'experiment/syshostmaintain:show'),
	('8a8182f251aec9150151aed095260002', '系统主机维护记录', '添加:系统主机维护记录', NULL, 'experiment/syshostmaintain:add'),
	('8a8182f251aec9150151aed139de0003', '系统主机维护记录', '编辑系统主机维护记录', NULL, 'experiment/syshostmaintain:edit'),
	('8a8182f251aec9150151aed1c46e0004', '系统主机维护记录', '删除:系统主机维护记录', NULL, 'experiment/syshostmaintain:del'),
	('8a8182f251aec9150151af49b2c10006', '系统主机变更申请', '导出系统主机变更申请', NULL, 'experiment/syshostreplace:exportExcel'),
	('8a8182f251aec9150151af4a2d240007', '系统主机更新记录', '查看系统主机更新记录', NULL, 'experiment/syshostreplace:show'),
	('8a8182f251aec9150151af4af4e50008', '系统主机更新记录', '添加系统主机更新记录', NULL, 'experiment/syshostreplace:add'),
	('8a8182f251aec9150151af4baae70009', '系统主机更新记录', '编辑系统主机更新记录', NULL, 'experiment/syshostreplace:edit'),
	('8a8182f251aec9150151af4c252c000a', '系统主机更新记录', '删除系统主机更新记录', NULL, 'experiment/syshostreplace:del'),
	('8a8182f251b4ab6e0151b4b924730000', '请购单', '查看:请购单', NULL, 'experiment/pleaseenoughdata:show'),
	('8a8182f251b89f4a0151b8a357920000', '请购单', '添加:请购单', NULL, 'experiment/pleaseenoughdata:add'),
	('8a8182f251b89f4a0151b8a3c0610001', '请购单', '编辑:请购单', NULL, 'experiment/pleaseenoughdata:edit'),
	('8a8182f251b89f4a0151b8a458b70002', '请购单', '删除:请购单', NULL, 'experiment/pleaseenoughdata:del'),
	('8a8182f251b89f4a0151b8a9983c0003', '请购单', '导出:请购单', NULL, 'experiment/pleaseenoughdata:exportExcel'),
	('8a8182f251c31d630151c388c1c20002', '信息安全培训记录', '添加信息安全培训记录', NULL, 'experiment/informationsecurity:add'),
	('8a8182f251c31d630151c389a6190003', '信息安全培训记录', '编辑信息安全培训记录', NULL, 'experiment/informationsecurity:edit'),
	('8a8182f251c31d630151c38a3f580004', '信息安全全培训记录', '删除:信息安全培训记录', NULL, 'experiment/informationsecurity:del'),
	('8a8182f251c31d630151c38b3e220005', '信息安全培训记录', '导出信息安全培训记录', NULL, 'experiment/informationsecurity:exportExcel'),
	('8a8182fe517fb3a6015180ab37860001', '信息账号权限管理', '查看信息账号权限管理', NULL, 'experiment/interformation:show'),
	('8a8182fe517fb3a6015180f49aa90002', '信息账号权限管理', '更新信息账号权限管理', NULL, 'experiment/interformation:edit'),
	('8a8182fe517fb3a6015180f650cb0003', '信息账号权限管理', '添加信息账号权限管理', NULL, 'experiment/interformation:add'),
	('8a8182fe517fb3a6015180f70a5e0004', '信息账号权限管理', '删除信息账号权限管理', NULL, 'experiment/interformation:del'),
	('8a8182fe51849874015184d1744d0003', '信息账号权限管理', '打印信息账号权限管理', NULL, 'experiment/interformation:print'),
	('8a8182fe51849874015184dcd9f40004', '信息账号权限管理', '下载导入模板信息账号权限管理', NULL, 'experiment/interformation:downloadImportTemplate'),
	('8a8182fe518fe0d601518fe6591a0000', '系统数据变更申请', '查看:系统数据变更申请', NULL, 'experiment/sysdatachange:show'),
	('8a8182fe518fe0d601518ff1d3fe0003', '系统数据变更申请', '删除:系统数据变更申请', NULL, 'experiment/sysdatachange:del'),
	('8a8182fe518fe0d601518ff3ed340004', '系统数据变更申请', '更新:系统数据变更申请', NULL, 'experiment/sysdatachange:edit'),
	('8a8182fe518fe0d601518ff4f04d0005', '系统数据变更申请', '添加:系统数据变更申请', NULL, 'experiment/sysdatachange:add'),
	('8a8182fe518fe0d601518ff73e9d0006', '系统权限变更申请', '系统权限变更申请', NULL, 'experiment/sysdatachange:exportExcel'),
	('ff80808151896f7601518a9733bc0000', '信息账号权限管理', '导出信息账号权限管理', NULL, 'experiment/interformation:exportExcel'),
	('ff808081519114fe015191184d950000', '信息安全培训记录', '查看信息安全培训记录', NULL, 'experiment/informationsecurity:show'),
	('ff8080815198f587015198fc64d60000', '信息系统上线', '查看:信息系统上线', NULL, 'experiment/informationsystem:show'),
	('ff8080815198f587015198fe0d1e0001', '信息系统上线', '添加:信息系统上线', NULL, 'experiment/informationsystem:add'),
	('ff8080815198f587015198fea7520002', '信息系统上线', '删除:信息系统上线', NULL, 'experiment/informationsystem:del'),
	('ff8080815198f587015199000a8a0003', '信息系统上线', '更新:信息系统上线', NULL, 'experiment/informationsystem:edit'),
	('ff8080815198f5870151990ec9b70004', '信息系统上线', '导出信息系统上线', NULL, 'experiment/informationsystem:exportExcel'),
	('ff808081519abab801519ac169ae0000', '资产清册', '更新:资产清册', NULL, 'experiment/propertycleanbook:edit'),
	('ff808081519abab801519ac326640001', '资产清册', '查看资产清册', NULL, 'experiment/propertycleanbook:show'),
	('ff808081519abab801519ac3ab8d0002', '资产清册', '删除:资产清册', NULL, 'experiment/propertycleanbook:del'),
	('ff808081519abab801519ac4b5030003', '资产清册', '添加:资产清册', NULL, 'experiment/propertycleanbook:add'),
	('ff808081519abab801519acee4340004', '资产清册', '导出:资产清册', NULL, 'experiment/propertycleanbook:exportExcel'),
	('8a8182f251c7d49c0151c830d5f10000', '采购单', '查看采购单', NULL, 'experiment/purchase_clean:show'),
	('8a8182f251c7d49c0151c8312b430001', '采购单', '添加采购单', NULL, 'experiment/purchase_clean:add'),
	('8a8182f251c7d49c0151c8318bb70002', '采购单', '编辑采购单', NULL, 'experiment/purchase_clean:edit'),
	('8a8182f251c7d49c0151c83209880003', '采购单', '删除采购单', NULL, 'experiment/purchase_clean:del'),
	('8a8182f251c7d49c0151c832ad420004', '采购单', '导出采购单', NULL, 'experiment/purchase_clean:exportExcel');


	INSERT INTO `cde_role_permission` (`F_ROLE_ID`, `F_PERMISSION_ID`)
VALUES
	('26c49fad-dc2b-4b9a-b8fc-88324e3e0d70', '8a8182f251a4bbd70151a4c038c90000'),
	('26c49fad-dc2b-4b9a-b8fc-88324e3e0d70', '8a8182f251a4bbd70151a4c1094b0001'),
	('26c49fad-dc2b-4b9a-b8fc-88324e3e0d70', '8a8182f251a4bbd70151a4c190770002'),
	('26c49fad-dc2b-4b9a-b8fc-88324e3e0d70', '8a8182f251a4bbd70151a4c222630003'),
	('26c49fad-dc2b-4b9a-b8fc-88324e3e0d70', '8a8182f251a4bbd70151a4c3c5620004'),
	('26c49fad-dc2b-4b9a-b8fc-88324e3e0d70', '8a8182f251a8a7e30151a8aae71d0000'),
	('26c49fad-dc2b-4b9a-b8fc-88324e3e0d70', '8a8182f251a8a7e30151a8ab5b1e0001'),
	('26c49fad-dc2b-4b9a-b8fc-88324e3e0d70', '8a8182f251a8a7e30151a8abb7af0002'),
	('26c49fad-dc2b-4b9a-b8fc-88324e3e0d70', '8a8182f251a8a7e30151a8ac10690003'),
	('26c49fad-dc2b-4b9a-b8fc-88324e3e0d70', '8a8182f251a8a7e30151a8acb3610004'),
	('26c49fad-dc2b-4b9a-b8fc-88324e3e0d70', '8a8182f251a9bc9b0151a9c2128f0000'),
	('26c49fad-dc2b-4b9a-b8fc-88324e3e0d70', '8a8182f251a9bc9b0151a9c2951a0001'),
	('26c49fad-dc2b-4b9a-b8fc-88324e3e0d70', '8a8182f251a9bc9b0151a9c336640002'),
	('26c49fad-dc2b-4b9a-b8fc-88324e3e0d70', '8a8182f251a9bc9b0151a9c3d1de0003'),
	('26c49fad-dc2b-4b9a-b8fc-88324e3e0d70', '8a8182f251a9bc9b0151a9c5088a0004'),
	('26c49fad-dc2b-4b9a-b8fc-88324e3e0d70', '8a8182f251aa6d960151aa71a6c00000'),
	('26c49fad-dc2b-4b9a-b8fc-88324e3e0d70', '8a8182f251aa6d960151aa7288830001'),
	('26c49fad-dc2b-4b9a-b8fc-88324e3e0d70', '8a8182f251aa6d960151aa7376fc0002'),
	('26c49fad-dc2b-4b9a-b8fc-88324e3e0d70', '8a8182f251aa6d960151aa7444440003'),
	('26c49fad-dc2b-4b9a-b8fc-88324e3e0d70', '8a8182f251aa6d960151aa75661b0004'),
	('26c49fad-dc2b-4b9a-b8fc-88324e3e0d70', '8a8182f251ae0f650151ae12fcbd0000'),
	('26c49fad-dc2b-4b9a-b8fc-88324e3e0d70', '8a8182f251ae0f650151ae1433980001'),
	('26c49fad-dc2b-4b9a-b8fc-88324e3e0d70', '8a8182f251ae0f650151ae1572190002'),
	('26c49fad-dc2b-4b9a-b8fc-88324e3e0d70', '8a8182f251ae0f650151ae165d750003'),
	('26c49fad-dc2b-4b9a-b8fc-88324e3e0d70', '8a8182f251ae0f650151ae17d8bc0004'),
	('26c49fad-dc2b-4b9a-b8fc-88324e3e0d70', '8a8182f251aec9150151aecef4420000'),
	('26c49fad-dc2b-4b9a-b8fc-88324e3e0d70', '8a8182f251aec9150151aed00dd30001'),
	('26c49fad-dc2b-4b9a-b8fc-88324e3e0d70', '8a8182f251aec9150151aed095260002'),
	('26c49fad-dc2b-4b9a-b8fc-88324e3e0d70', '8a8182f251aec9150151aed139de0003'),
	('26c49fad-dc2b-4b9a-b8fc-88324e3e0d70', '8a8182f251aec9150151aed1c46e0004'),
	('26c49fad-dc2b-4b9a-b8fc-88324e3e0d70', '8a8182f251aec9150151af49b2c10006'),
	('26c49fad-dc2b-4b9a-b8fc-88324e3e0d70', '8a8182f251aec9150151af4a2d240007'),
	('26c49fad-dc2b-4b9a-b8fc-88324e3e0d70', '8a8182f251aec9150151af4af4e50008'),
	('26c49fad-dc2b-4b9a-b8fc-88324e3e0d70', '8a8182f251aec9150151af4baae70009'),
	('26c49fad-dc2b-4b9a-b8fc-88324e3e0d70', '8a8182f251aec9150151af4c252c000a'),
	('26c49fad-dc2b-4b9a-b8fc-88324e3e0d70', '8a8182f251b4ab6e0151b4b924730000'),
	('26c49fad-dc2b-4b9a-b8fc-88324e3e0d70', '8a8182f251b89f4a0151b8a357920000'),
	('26c49fad-dc2b-4b9a-b8fc-88324e3e0d70', '8a8182f251b89f4a0151b8a3c0610001'),
	('26c49fad-dc2b-4b9a-b8fc-88324e3e0d70', '8a8182f251b89f4a0151b8a458b70002'),
	('26c49fad-dc2b-4b9a-b8fc-88324e3e0d70', '8a8182f251b89f4a0151b8a9983c0003'),
	('26c49fad-dc2b-4b9a-b8fc-88324e3e0d70', '8a8182f251c31d630151c388c1c20002'),
	('26c49fad-dc2b-4b9a-b8fc-88324e3e0d70', '8a8182f251c31d630151c389a6190003'),
	('26c49fad-dc2b-4b9a-b8fc-88324e3e0d70', '8a8182f251c31d630151c38a3f580004'),
	('26c49fad-dc2b-4b9a-b8fc-88324e3e0d70', '8a8182f251c31d630151c38b3e220005'),
	('26c49fad-dc2b-4b9a-b8fc-88324e3e0d70', '8a8182fe517fb3a6015180ab37860001'),
	('26c49fad-dc2b-4b9a-b8fc-88324e3e0d70', '8a8182fe517fb3a6015180f49aa90002'),
	('26c49fad-dc2b-4b9a-b8fc-88324e3e0d70', '8a8182fe517fb3a6015180f650cb0003'),
	('26c49fad-dc2b-4b9a-b8fc-88324e3e0d70', '8a8182fe517fb3a6015180f70a5e0004'),
	('26c49fad-dc2b-4b9a-b8fc-88324e3e0d70', '8a8182fe51849874015184d1744d0003'),
	('26c49fad-dc2b-4b9a-b8fc-88324e3e0d70', '8a8182fe51849874015184dcd9f40004'),
	('26c49fad-dc2b-4b9a-b8fc-88324e3e0d70', '8a8182fe518fe0d601518fe6591a0000'),
	('26c49fad-dc2b-4b9a-b8fc-88324e3e0d70', '8a8182fe518fe0d601518ff1d3fe0003'),
	('26c49fad-dc2b-4b9a-b8fc-88324e3e0d70', '8a8182fe518fe0d601518ff3ed340004'),
	('26c49fad-dc2b-4b9a-b8fc-88324e3e0d70', '8a8182fe518fe0d601518ff4f04d0005'),
	('26c49fad-dc2b-4b9a-b8fc-88324e3e0d70', '8a8182fe518fe0d601518ff73e9d0006'),
	('26c49fad-dc2b-4b9a-b8fc-88324e3e0d70', 'ff80808151896f7601518a9733bc0000'),
	('26c49fad-dc2b-4b9a-b8fc-88324e3e0d70', 'ff808081519114fe015191184d950000'),
	('26c49fad-dc2b-4b9a-b8fc-88324e3e0d70', 'ff8080815198f587015198fc64d60000'),
	('26c49fad-dc2b-4b9a-b8fc-88324e3e0d70', 'ff8080815198f587015198fe0d1e0001'),
	('26c49fad-dc2b-4b9a-b8fc-88324e3e0d70', 'ff8080815198f587015198fea7520002'),
	('26c49fad-dc2b-4b9a-b8fc-88324e3e0d70', 'ff8080815198f587015199000a8a0003'),
	('26c49fad-dc2b-4b9a-b8fc-88324e3e0d70', 'ff8080815198f5870151990ec9b70004'),
	('26c49fad-dc2b-4b9a-b8fc-88324e3e0d70', 'ff808081519abab801519ac169ae0000'),
	('26c49fad-dc2b-4b9a-b8fc-88324e3e0d70', 'ff808081519abab801519ac326640001'),
	('26c49fad-dc2b-4b9a-b8fc-88324e3e0d70', 'ff808081519abab801519ac3ab8d0002'),
	('26c49fad-dc2b-4b9a-b8fc-88324e3e0d70', 'ff808081519abab801519ac4b5030003'),
	('26c49fad-dc2b-4b9a-b8fc-88324e3e0d70', 'ff808081519abab801519acee4340004'),
	('26c49fad-dc2b-4b9a-b8fc-88324e3e0d70', '8a8182f251c7d49c0151c830d5f10000'),
	('26c49fad-dc2b-4b9a-b8fc-88324e3e0d70', '8a8182f251c7d49c0151c8312b430001'),
	('26c49fad-dc2b-4b9a-b8fc-88324e3e0d70', '8a8182f251c7d49c0151c8318bb70002'),
	('26c49fad-dc2b-4b9a-b8fc-88324e3e0d70', '8a8182f251c7d49c0151c83209880003'),
	('26c49fad-dc2b-4b9a-b8fc-88324e3e0d70', '8a8182f251c7d49c0151c832ad420004');
